Agency,Bureau
400 Years of African-American History Commission,
Access Board,
Administrative Conference of the United States,
Advisory Council on Historic Preservation,
Affordable Housing Program,
Alyce Spotted Bear and Walter Soboleff Commission on Native Children,
Appalachian Regional Commission,
Barry Goldwater Scholarship and Excellence in Education Foundation,
Bureau of Consumer Financial Protection,
Central Intelligence Agency,
Chemical Safety and Hazard Investigation Board,
Civil Rights Cold Case Records Review Board,
Commission of Fine Arts,
Commission on Civil Rights,
Commission on Combating Synthetic Opioid Trafficking,
Committee for Purchase from People who are Blind or Severely Disabled,
Commodity Futures Trading Commission,
Consumer Product Safety Commission,
Corporation for National and Community Service,
Corporation for Public Broadcasting,
Corporation for Travel Promotion,
Corps of Engineers--Civil Works,
Council of the Inspectors General on Integrity and Efficiency,
Court Services and Offender Supervision Agency for the District of Columbia,
Defense Nuclear Facilities Safety Board,
Delta Regional Authority,
Denali Commission,
Department of Agriculture,Agricultural Marketing Service
Department of Agriculture,Agricultural Research Service
Department of Agriculture,Animal and Plant Health Inspection Service
Department of Agriculture,Buildings and Facilities
Department of Agriculture,Department of Agriculture
Department of Agriculture,Economic Research Service
Department of Agriculture,Executive Operations
Department of Agriculture,Farm Production and Conservation
Department of Agriculture,Farm Service Agency
Department of Agriculture,Food and Nutrition Service
Department of Agriculture,Food Safety and Inspection Service
Department of Agriculture,Foreign Agricultural Service
Department of Agriculture,Forest Service
Department of Agriculture,"Grain Inspection, Packers and Stockyards Administration    "
Department of Agriculture,Hazardous Materials Management
Department of Agriculture,National Agricultural Statistics Service
Department of Agriculture,National Institute of Food and Agriculture
Department of Agriculture,Natural Resources Conservation Service
Department of Agriculture,Office of Chief Financial Officer
Department of Agriculture,Office of Chief Information Officer
Department of Agriculture,Office of Civil Rights
Department of Agriculture,Office of Inspector General
Department of Agriculture,Office of the General Counsel
Department of Agriculture,Office of the Secretary
Department of Agriculture,Risk Management Agency
Department of Agriculture,Rural Business-Cooperative Service
Department of Agriculture,Rural Development
Department of Agriculture,Rural Housing Service
Department of Agriculture,Rural Utilities Service
Department of Commerce,Bureau of Economic Analysis
Department of Commerce,Bureau of Industry and Security
Department of Commerce,Bureau of the Census
Department of Commerce,Department of Commerce
Department of Commerce,Departmental Management
Department of Commerce,Economic Development Administration
Department of Commerce,International Trade Administration
Department of Commerce,Minority Business Development Agency
Department of Commerce,National Institute of Standards and Technology
Department of Commerce,National Oceanic and Atmospheric Administration
Department of Commerce,National Technical Information Service
Department of Commerce,National Telecommunications and Information Administration
Department of Commerce,U.S. Patent and Trademark Office
Department of Defense,"Navy, Marine Corps"
Department of Defense,Army
Department of Defense,Air Force
Department of Defense,Defense-wide
Department of Education,Department of Education
Department of Education,Departmental Management
Department of Education,Disaster Education Recovery
Department of Education,Institute of Education Sciences
Department of Education,"Office of Career, Technical, and Adult Education    "
Department of Education,Office of Elementary and Secondary Education
Department of Education,Office of English Language Acquisition
Department of Education,Office of Federal Student Aid
Department of Education,Office of Innovation and Improvement
Department of Education,Office of Postsecondary Education
Department of Education,Office of Special Education and Rehabilitative Services
Department of Energy,Department of Energy
Department of Energy,Departmental Administration
Department of Energy,Energy Programs
Department of Energy,Environmental and Other Defense Activities
Department of Energy,National Nuclear Security Administration
Department of Energy,Power Marketing Administration
Department of Health and Human Services,Administration for Children and Families
Department of Health and Human Services,Administration for Community Living
Department of Health and Human Services,Administration for Strategic Preparedness and Response
Department of Health and Human Services,Agency for Healthcare Research and Quality
Department of Health and Human Services,Allowances
Department of Health and Human Services,Centers for Disease Control and Prevention
Department of Health and Human Services,Centers for Medicare and Medicaid Services
Department of Health and Human Services,Department of Health and Human Services
Department of Health and Human Services,Departmental Management
Department of Health and Human Services,Food and Drug Administration
Department of Health and Human Services,Health Resources and Services Administration
Department of Health and Human Services,Indian Health Service
Department of Health and Human Services,National Institutes of Health
Department of Health and Human Services,Office of the Inspector General
Department of Health and Human Services,Program Support Center
Department of Health and Human Services,Substance Abuse and Mental Health Services Administration
Department of Homeland Security,Analysis and Operations
Department of Homeland Security,Citizenship and Immigration Services
Department of Homeland Security,Countering Weapons of Mass Destruction Office
Department of Homeland Security,Cybersecurity and Infrastructure Security Agency
Department of Homeland Security,Department of Homeland Security
Department of Homeland Security,Federal Emergency Management Agency
Department of Homeland Security,Federal Law Enforcement Training Center
Department of Homeland Security,Management Directorate
Department of Homeland Security,Office of Health Affairs
Department of Homeland Security,Office of the Inspector General
Department of Homeland Security,Office of the Secretary and Executive Management
Department of Homeland Security,Science and Technology
Department of Homeland Security,Transportation Security Administration
Department of Homeland Security,U.S. Customs and Border Protection
Department of Homeland Security,U.S. Immigration and Customs Enforcement
Department of Homeland Security,United States Coast Guard
Department of Homeland Security,United States Secret Service
Department of Housing and Urban Development,Community Planning and Development
Department of Housing and Urban Development,Department of Housing and Urban Development
Department of Housing and Urban Development,Fair Housing and Equal Opportunity
Department of Housing and Urban Development,Government National Mortgage Association
Department of Housing and Urban Development,Housing Programs
Department of Housing and Urban Development,Housing Supply
Department of Housing and Urban Development,Management and Administration
Department of Housing and Urban Development,Office of Lead Hazard Control and Healthy Homes
Department of Housing and Urban Development,Policy Development and Research
Department of Housing and Urban Development,Public and Indian Housing Programs
Department of Justice,"Bureau of Alcohol, Tobacco, Firearms, and Explosives    "
Department of Justice,Department of Justice
Department of Justice,Drug Enforcement Administration
Department of Justice,Federal Bureau of Investigation
Department of Justice,Federal Prison System
Department of Justice,General Administration
Department of Justice,Interagency Law Enforcement
Department of Justice,Legal Activities and U.S. Marshals
Department of Justice,National Security Division
Department of Justice,Office of Justice Programs
Department of Justice,Radiation Exposure Compensation
Department of Justice,United States Parole Commission
Department of Labor,Bureau of Labor Statistics
Department of Labor,Department of Labor
Department of Labor,Departmental Management
Department of Labor,Employee Benefits Security Administration
Department of Labor,Employment and Training Administration
Department of Labor,Mine Safety and Health Administration
Department of Labor,Occupational Safety and Health Administration
Department of Labor,Office of Disability Employment policy
Department of Labor,Office of Federal Contract Compliance Programs
Department of Labor,Office of Labor Management Standards
Department of Labor,Office of Workers' Compensation Programs
Department of Labor,Pension Benefit Guaranty Corporation
Department of Labor,Veterans' Employment and Training Service
Department of Labor,Wage and Hour Division
Department of State,Administration of Foreign Affairs
Department of State,"Department of State    , "
Department of State,International Commissions
Department of State,International Organizations and Conferences
Department of State,Other
Department of the Interior,Bureau of Indian Affairs
Department of the Interior,Bureau of Indian Education
Department of the Interior,Bureau of Land Management
Department of the Interior,Bureau of Ocean Energy Management
Department of the Interior,Bureau of Reclamation
Department of the Interior,Bureau of Safety and Environmental Enforcement
Department of the Interior,Bureau of Trust Funds Administration
Department of the Interior,Central Utah Project
Department of the Interior,Department of the Interior
Department of the Interior,Department-Wide Programs
Department of the Interior,Departmental Offices
Department of the Interior,Insular Affairs
Department of the Interior,National Indian Gaming Commission
Department of the Interior,National Park Service
Department of the Interior,Office of Inspector General
Department of the Interior,Office of Surface Mining Reclamation and Enforcement
Department of the Interior,Office of the Solicitor
Department of the Interior,Office of the Special Trustee for American Indians
Department of the Interior,United States Fish and Wildlife Service
Department of the Interior,United States Geological Survey
Department of the Treasury,Alcohol and Tobacco Tax and Trade Bureau
Department of the Treasury,Bureau of Engraving and Printing
Department of the Treasury,Comptroller of the Currency
Department of the Treasury,Department of the Treasury
Department of the Treasury,Departmental Offices
Department of the Treasury,Federal Financing Bank
Department of the Treasury,Financial Crimes Enforcement Network
Department of the Treasury,Fiscal Service
Department of the Treasury,Interest on the Public Debt
Department of the Treasury,Internal Revenue Service
Department of the Treasury,United States Mint
Department of Transportation,Department of Transportation
Department of Transportation,Federal Aviation Administration
Department of Transportation,Federal Highway Administration
Department of Transportation,Federal Motor Carrier Safety Administration
Department of Transportation,Federal Railroad Administration
Department of Transportation,Federal Transit Administration
Department of Transportation,Maritime Administration
Department of Transportation,National Highway Traffic Safety Administration
Department of Transportation,Office of Inspector General
Department of Transportation,Office of the Secretary
Department of Transportation,Pipeline and Hazardous Materials Safety Administration
Department of Transportation,Saint Lawrence Seaway Development Corporation
Department of Transportation,Surface Transportation Board
Department of Veterans Affairs,Benefits Programs
Department of Veterans Affairs,Department of Veterans Affairs
Department of Veterans Affairs,Departmental Administration
Department of Veterans Affairs,Veterans Health Administration
District of Columbia,District of Columbia Courts
District of Columbia,District of Columbia Courts
District of Columbia,District of Columbia General and Special Payments
Election Assistance Commission,
Electric Reliability Organization,
Environmental Protection Agency,
Equal Employment Opportunity Commission,
Executive Office of the President,Council of Economic Advisers
Executive Office of the President,Council on Environmental Quality
Executive Office of the President,Department of Government Efficiency
Executive Office of the President,Executive Residence
Executive Office of the President,National Security Council
Executive Office of the President,National Space Council
Executive Office of the President,Office of Administration
Executive Office of the President,Office of Management and Budget
Executive Office of the President,Office of National Drug Control Policy
Executive Office of the President,Office of Pandemic Preparedness and Response Policy
Executive Office of the President,Office of Science and Technology Policy
Executive Office of the President,Office of the Intellectual Property Enforcement Coordinator
Executive Office of the President,Office of the National Cyber Director
Executive Office of the President,Office of the United States Trade Representative
Executive Office of the President,Office of the Vice President
Executive Office of the President,President's Intelligence Advisory Board
Executive Office of the President,White House Office
Export-Import Bank of the United States,
Farm Credit Administration,
Farm Credit System,
Farm Credit System Insurance Corporation,
Federal Communications Commission,
Federal Deposit Insurance Corporation,
Federal Drug Control Programs,
Federal Election Commission,
Federal Financial Institutions Examination Council,
Federal Financial Institutions Examination Council Appraisal Subcommittee,
Federal Home Loan Bank System,
Federal Home Loan Mortgage Corporation,
Federal Housing Finance Agency,
Federal Labor Relations Authority,
Federal Maritime Commission,
Federal Mediation and Conciliation Service,
Federal Mine Safety and Health Review Commission,
Federal National Mortgage Association,
Federal Permitting Improvement Council,
Federal Retirement Thrift Investment Board,
Federal Trade Commission,
Financing Vehicles and the Board of Governors of the Federal Reserve,
General Services Administration,
Great Lakes Authority,
Gulf Coast Ecosystem Restoration Council,
Harry S Truman Scholarship Foundation,
Independent Payment Advisory Board,
Indian Law and Order Commission,
Institute of American Indian and Alaska Native Culture and Arts Development,
Institute of Museum and Library Services,
Intelligence Community Management Account,
African Development Foundation,
Agency for International Development,
Foreign Assistance Program Allowances,
Inter-American Foundation,
International Assistance Programs,
International Monetary Programs,
International Security Assistance,
Military Sales Program,
Millennium Challenge Corporation,
Multilateral Assistance,
Overseas Private Investment Corporation,
Peace Corps,
Trade and Development Agency,
United States International Development Finance Corporation,
Administrative Office of the U.S. Courts,
"Courts of Appeals, District Courts, and Other Judicial Services",
Federal Judicial Center,
Judicial Branch,
Judicial Retirement Funds,
Supreme Court of the United States,
United States Court of Appeals for the Federal Circuit,
United States Court of International Trade,
United States Sentencing Commission,
Architect of the Capitol,
Botanic Garden,
Capitol Police,
Congressional Budget Office,
Government Accountability Office,
Government Publishing Office,
House of Representatives,
Joint Items,
Legislative Branch Boards and Commissions,
Library of Congress,
Office of Congressional Workplace Rights,
Senate,
United States Tax Court,
American Battle Monuments Commission,
Armed Forces Retirement Home,
Cemeterial Expenses,
Educational Benefits,
"Forest and Wildlife Conservation, Military Reservations",
Military Retirement,
Other Defense Civil Programs,
Retiree Health Care,
Selective Service System,
Patient-Centered Outcomes Research Trust Fund,
Postal Service,
Presidio Trust,
Privacy and Civil Liberties Oversight Board,
Public Buildings Reform Board,
Public Company Accounting Oversight Board,
Public Defender Service for the District of Columbia,
Puerto Rico Oversight Board,
Railroad Retirement Board,
Recovery Act Accountability and Transparency Board,
Securities and Exchange Commission,
Securities Investor Protection Corporation,
Small Business Administration,
Smithsonian Institution,
Social Security Administration,
Southeast Crescent Regional Commission,
Southwest Border Regional Commission,
Standard Setting Body,
State Justice Institute,
Surface Transportation Board,
Tennessee Valley Authority,
United Mine Workers of America Benefit Funds,
United States Agency for Global Media,
United States Court of Appeals for Veterans Claims,
United States Enrichment Corporation Fund,
United States Holocaust Memorial Museum,
United States Institute of Peace,
United States Interagency Council on Homelessness,
Vietnam Education Foundation,

