Domain,Base Domain,HTTPS Client Auth Required
doc.pkilogin1.asap.gov,asap.gov,TRUE
eroc.pkilogin1.asap.gov,asap.gov,TRUE
qa.pkilogin1.asap.gov,asap.gov,TRUE
ctxsson.bea.gov,bea.gov,TRUE
sftestingpiv.bpa.gov,bpa.gov,TRUE
access-ipsas-piv.cdc.gov,cdc.gov,TRUE
access-ipsas-piv.rastglb.cdc.gov,cdc.gov,TRUE
citgo-piv.cdc.gov,cdc.gov,TRUE
citgo-piv.rastglb.cdc.gov,cdc.gov,TRUE
easpivauth2.cdc.gov,cdc.gov,TRUE
easpivauth2.rastglb.cdc.gov,cdc.gov,TRUE
easpivauth3.cdc.gov,cdc.gov,TRUE
easpivauth3.rastglb.cdc.gov,cdc.gov,TRUE
piv.vdid.census.gov,census.gov,TRUE
dev.hub.cms.gov,cms.gov,TRUE
impl1b.hub.cms.gov,cms.gov,TRUE
appsentry.fema.dhs.gov,dhs.gov,TRUE
emailsentry.fema.dhs.gov,dhs.gov,TRUE
myworkplace.dhs.gov,dhs.gov,TRUE
myworkplace-dc2.dhs.gov,dhs.gov,TRUE
poc5.o365.fema.dhs.gov,dhs.gov,TRUE
quickconnect.dhs.gov,dhs.gov,TRUE
quickconnect-dc2.dhs.gov,dhs.gov,TRUE
stageappsentry.fema.dhs.gov,dhs.gov,TRUE
stagesentry.fema.dhs.gov,dhs.gov,TRUE
telework.dhs.gov,dhs.gov,TRUE
workplace-cbp.dhs.gov,dhs.gov,TRUE
workplace-cbp-dc2.dhs.gov,dhs.gov,TRUE
workplace-cis.dhs.gov,dhs.gov,TRUE
workplace-cis-dc2.dhs.gov,dhs.gov,TRUE
workplace-ftc.dhs.gov,dhs.gov,TRUE
workplace-ftc-dc2.dhs.gov,dhs.gov,TRUE
workplace-hq.dhs.gov,dhs.gov,TRUE
workplace-hq-dc2.dhs.gov,dhs.gov,TRUE
workplace-ice.dhs.gov,dhs.gov,TRUE
workplace-ice-dc2.dhs.gov,dhs.gov,TRUE
workplace-tsa.dhs.gov,dhs.gov,TRUE
workplace-tsa-dc2.dhs.gov,dhs.gov,TRUE
citrixalb-sc.netl.doe.gov,doe.gov,TRUE
citrixmgn-sc.netl.doe.gov,doe.gov,TRUE
citrixpgh-sc.netl.doe.gov,doe.gov,TRUE
citrix-testsc.netl.doe.gov,doe.gov,TRUE
sentry2.lm.doe.gov,doe.gov,TRUE
fsacitrixweb-piv.ed.gov,ed.gov,TRUE
deservices.eftps.gov,eftps.gov,TRUE
u04.eftps.gov,eftps.gov,TRUE
services.ndex.fbi.gov,fbi.gov,TRUE
gb-mic-sasentry.fcc.gov,fcc.gov,TRUE
p2p-mic-sasentry.fcc.gov,fcc.gov,TRUE
eas.fdic.gov,fdic.gov,TRUE
etscpsvc.fdic.gov,fdic.gov,TRUE
etscpsvc-dfw.fdic.gov,fdic.gov,TRUE
etscpsvcq.fdic.gov,fdic.gov,TRUE
etscpsvcq-a.fdic.gov,fdic.gov,TRUE
etscpsvcq-b.fdic.gov,fdic.gov,TRUE
etscpsvc-vas.fdic.gov,fdic.gov,TRUE
etssvc.fdic.gov,fdic.gov,TRUE
etssvc-dfw.fdic.gov,fdic.gov,TRUE
etssvcq.fdic.gov,fdic.gov,TRUE
etssvcq-a.fdic.gov,fdic.gov,TRUE
etssvcq-b.fdic.gov,fdic.gov,TRUE
etssvc-vas.fdic.gov,fdic.gov,TRUE
gobomgar.fdic.gov,fdic.gov,TRUE
gopiv-dfw.fdic.gov,fdic.gov,TRUE
gopiv-vas.fdic.gov,fdic.gov,TRUE
remote.fincen.gov,fincen.gov,TRUE
sage.fnal.gov,fnal.gov,TRUE
cloud_east_piv.fws.gov,fws.gov,TRUE
cloud_west_piv.fws.gov,fws.gov,TRUE
cloud-east-piv.fws.gov,fws.gov,TRUE
cloud-west-piv.fws.gov,fws.gov,TRUE
ifw9bct-nets01-vip2.fws.gov,fws.gov,TRUE
ifw9res-nets01-vip2.fws.gov,fws.gov,TRUE
mam.gpo.gov,gpo.gov,TRUE
gsint-vpn.grantsolutions.gov,grantsolutions.gov,TRUE
ebuyconnect.fas.gsa.gov,gsa.gov,TRUE
ebuyconnect-test.fas.gsa.gov,gsa.gov,TRUE
mifnsentry.inl.gov,inl.gov,TRUE
misentry.inl.gov,inl.gov,TRUE
doc.pkilogin1.its.gov,its.gov,TRUE
eroc.pkilogin1.its.gov,its.gov,TRUE
qa.pkilogin1.its.gov,its.gov,TRUE
bep.lanl.gov,lanl.gov,TRUE
greenlock.lanl.gov,lanl.gov,TRUE
pliny.lanl.gov,lanl.gov,TRUE
proxied-bep-f5.lanl.gov,lanl.gov,TRUE
weblogin-green-sc.lanl.gov,lanl.gov,TRUE
www.bep.lanl.gov,lanl.gov,TRUE
piv.citrix.mms.gov,mms.gov,TRUE
isftools.ahf.nmci.navy.mil,navy.mil,TRUE
semstst.sscno.nmci.navy.mil,navy.mil,TRUE
mobileiron365.ncua.gov,ncua.gov,TRUE
citaltcem.nih.gov,nih.gov,TRUE
ctxaccesspivext.cc.nih.gov,nih.gov,TRUE
sentry-at.cit.nih.gov,nih.gov,TRUE
sentry-at.nihdev.cit.nih.gov,nih.gov,TRUE
trident.fisheries.noaa.gov,noaa.gov,TRUE
vhs.services.nesdis.noaa.gov,noaa.gov,TRUE
trace.nrc.gov,nrc.gov,TRUE
xmsdev-mam.occ.gov,occ.gov,TRUE
xms-mam.occ.gov,occ.gov,TRUE
xms-mam-qa.occ.gov,occ.gov,TRUE
qa.tcs.pay.gov,pay.gov,TRUE
qacur.tcs.pay.gov,pay.gov,TRUE
qadev.tcs.pay.gov,pay.gov,TRUE
tcs.pay.gov,pay.gov,TRUE
mymail.pnnl.gov,pnnl.gov,TRUE
nsfparws.acpt.research.gov,research.gov,TRUE
nsfparws.research.gov,research.gov,TRUE
ctxhome.srs.gov,srs.gov,TRUE
ts01.srs.gov,srs.gov,TRUE
ts02.srs.gov,srs.gov,TRUE
eegopiv.state.gov,state.gov,TRUE
ewgopiv.state.gov,state.gov,TRUE
gopiv.state.gov,state.gov,TRUE
piv.state.gov,state.gov,TRUE
thrawn.sierra.state.gov,state.gov,TRUE
windu.sierra.state.gov,state.gov,TRUE
doc.pkilogin1.fms.treas.gov,treas.gov,TRUE
eroc.pkilogin1.fms.treas.gov,treas.gov,TRUE
ft-future2.ws.otcnet.fms.treas.gov,treas.gov,TRUE
mis.usmint.treas.gov,treas.gov,TRUE
qa.pkilogin1.fms.treas.gov,treas.gov,TRUE
qaa.ws.otcnet.fms.treas.gov,treas.gov,TRUE
qae.ws.otcnet.fms.treas.gov,treas.gov,TRUE
qae-future.ws.otcnet.fms.treas.gov,treas.gov,TRUE
qai.ws.otcnet.fms.treas.gov,treas.gov,TRUE
qai-future.ws.otcnet.fms.treas.gov,treas.gov,TRUE
ws.otcnet.fms.treas.gov,treas.gov,TRUE
www.mis.usmint.treas.gov,treas.gov,TRUE
www.ws.otcnet.fms.treas.gov,treas.gov,TRUE
doc.pkilogin1.fiscal.treasury.gov,treasury.gov,TRUE
doctest.pkilogin1.fiscal.treasury.gov,treasury.gov,TRUE
eroc.pkilogin1.fiscal.treasury.gov,treasury.gov,TRUE
eroctest.pkilogin1.fiscal.treasury.gov,treasury.gov,TRUE
fttest.pkilogin1.fiscal.treasury.gov,treasury.gov,TRUE
qa.pkilogin1.fiscal.treasury.gov,treasury.gov,TRUE
qaf.svctransfer.fiscal.treasury.gov,treasury.gov,TRUE
qatest.pkilogin1.fiscal.treasury.gov,treasury.gov,TRUE
ws.igt.fiscal.treasury.gov,treasury.gov,TRUE
hqtest.ttb.gov,ttb.gov,TRUE
hqvdi.ttb.gov,ttb.gov,TRUE
nrcvdi.ttb.gov,ttb.gov,TRUE
vdi.ttb.gov,ttb.gov,TRUE
miass.ent.usda.gov,usda.gov,TRUE
midevtunnel.ent.usda.gov,usda.gov,TRUE
mitunnel.ent.usda.gov,usda.gov,TRUE
myremote.nass.usda.gov,usda.gov,TRUE
piv.ojp.usdoj.gov,usdoj.gov,TRUE
pivstaging.ojp.usdoj.gov,usdoj.gov,TRUE
citrixaccessdevpiv.va.gov,va.gov,TRUE
citrixaccesspiv.va.gov,va.gov,TRUE
citrixaccesstestpiv.va.gov,va.gov,TRUE
das-sqa.va.gov,va.gov,TRUE
filenet.dev.vbms.aide.oit.va.gov,va.gov,TRUE
pki.eauth.va.gov,va.gov,TRUE
preprod.pki.eauth.va.gov,va.gov,TRUE
